item_id,group_id,listing_has_variations,variant_dict,size,offer_id,mpn,title,description,url,brand,seller_name,seller_url,image_url,additional_image_urls,price,availability,condition,is_eligible_search,product_category,weight,item_weight_unit
NF-NEXT-VIRO-NILL-5L,NF-NEXT-VIRO-NILL,true,"{""size"":""5-Liter HDPE Industrial Canister""}",5-Liter HDPE Industrial Canister,nextfarm-next-viro-nill-5L,NF-BIO-PROD-001-5L,Next Viro Nill — 5-Liter HDPE Industrial Canister (Pond Water & Sediment Conditioner),"Next Viro Nill is a heavy-duty biological pond conditioner formulated with high-potency Bacillus and Pediococcus consortia engineered to suppress lethal pathogens in aquaculture environments. Designed specifically for intensive shrimp farming, it actively sanitizes the pond benthic zone by accelerating the decomposition of pathogen-harboring organic sludge and fecal waste. Potency: Minimum 5 Billion CFU/ml (5 x 10^9 CFU/ml). Microbial Consortium: Bacillus subtilis, Bacillus licheniformis, Pediococcus acidilactici. Primary Indications: White Spot Syndrome Virus (WSSV) biosecurity; Viral vector elimination in benthic sediment; Organic bottom sanitization and detritus clearance; External shell hygiene and gill cleanliness; Pre-stocking biosecurity conditioning. CAA-Approved, ISO 9001:2015 Certified, 100% Antibiotic-Free. Manufactured by Next Farm Bio Sciences, New Autonagar, Vijayawada, India.",https://nextfarmbiosciences.app/products/next-viro-nill?size=5L,Next Farm Bio Sciences,Next Farm Bio Sciences,https://nextfarmbiosciences.app,https://nextfarmbiosciences.app/images/products/next-viro-nill/shoot.png,"https://nextfarmbiosciences.app/images/products/next-viro-nill/caa.png,https://nextfarmbiosciences.app/images/products/next-viro-nill/farmer.png,https://nextfarmbiosciences.app/images/products/next-viro-nill/farm.png,https://nextfarmbiosciences.app/images/products/next-viro-nill/pond.png",5000.00 INR,in_stock,new,true,Business & Industrial > Agriculture > Aquaculture & Livestock Supplies,5.0,kg
NF-NEXT-VIRO-NILL-2L,NF-NEXT-VIRO-NILL,true,"{""size"":""2-Liter Twin Field Pack""}",2-Liter Twin Field Pack,nextfarm-next-viro-nill-2L,NF-BIO-PROD-001-2L,Next Viro Nill — 2-Liter Twin Field Pack (Pond Water & Sediment Conditioner),"Next Viro Nill is a heavy-duty biological pond conditioner formulated with high-potency Bacillus and Pediococcus consortia engineered to suppress lethal pathogens in aquaculture environments. Designed specifically for intensive shrimp farming, it actively sanitizes the pond benthic zone by accelerating the decomposition of pathogen-harboring organic sludge and fecal waste. Potency: Minimum 5 Billion CFU/ml (5 x 10^9 CFU/ml). Microbial Consortium: Bacillus subtilis, Bacillus licheniformis, Pediococcus acidilactici. Primary Indications: White Spot Syndrome Virus (WSSV) biosecurity; Viral vector elimination in benthic sediment; Organic bottom sanitization and detritus clearance; External shell hygiene and gill cleanliness; Pre-stocking biosecurity conditioning. CAA-Approved, ISO 9001:2015 Certified, 100% Antibiotic-Free. Manufactured by Next Farm Bio Sciences, New Autonagar, Vijayawada, India.",https://nextfarmbiosciences.app/products/next-viro-nill?size=2L,Next Farm Bio Sciences,Next Farm Bio Sciences,https://nextfarmbiosciences.app,https://nextfarmbiosciences.app/images/products/next-viro-nill/shoot.png,"https://nextfarmbiosciences.app/images/products/next-viro-nill/caa.png,https://nextfarmbiosciences.app/images/products/next-viro-nill/farmer.png,https://nextfarmbiosciences.app/images/products/next-viro-nill/farm.png,https://nextfarmbiosciences.app/images/products/next-viro-nill/pond.png",2299.00 INR,in_stock,new,true,Business & Industrial > Agriculture > Aquaculture & Livestock Supplies,2.0,kg
NF-NEXT-VIRO-NILL-1L,NF-NEXT-VIRO-NILL,true,"{""size"":""1-Liter Precision Bottle""}",1-Liter Precision Bottle,nextfarm-next-viro-nill-1L,NF-BIO-PROD-001-1L,Next Viro Nill — 1-Liter Precision Bottle (Pond Water & Sediment Conditioner),"Next Viro Nill is a heavy-duty biological pond conditioner formulated with high-potency Bacillus and Pediococcus consortia engineered to suppress lethal pathogens in aquaculture environments. Designed specifically for intensive shrimp farming, it actively sanitizes the pond benthic zone by accelerating the decomposition of pathogen-harboring organic sludge and fecal waste. Potency: Minimum 5 Billion CFU/ml (5 x 10^9 CFU/ml). Microbial Consortium: Bacillus subtilis, Bacillus licheniformis, Pediococcus acidilactici. Primary Indications: White Spot Syndrome Virus (WSSV) biosecurity; Viral vector elimination in benthic sediment; Organic bottom sanitization and detritus clearance; External shell hygiene and gill cleanliness; Pre-stocking biosecurity conditioning. CAA-Approved, ISO 9001:2015 Certified, 100% Antibiotic-Free. Manufactured by Next Farm Bio Sciences, New Autonagar, Vijayawada, India.",https://nextfarmbiosciences.app/products/next-viro-nill?size=1L,Next Farm Bio Sciences,Next Farm Bio Sciences,https://nextfarmbiosciences.app,https://nextfarmbiosciences.app/images/products/next-viro-nill/shoot.png,"https://nextfarmbiosciences.app/images/products/next-viro-nill/caa.png,https://nextfarmbiosciences.app/images/products/next-viro-nill/farmer.png,https://nextfarmbiosciences.app/images/products/next-viro-nill/farm.png,https://nextfarmbiosciences.app/images/products/next-viro-nill/pond.png",1199.00 INR,in_stock,new,true,Business & Industrial > Agriculture > Aquaculture & Livestock Supplies,1.0,kg
NF-NEXT-GUT-5L,NF-NEXT-GUT,true,"{""size"":""5-Liter HDPE Industrial Canister""}",5-Liter HDPE Industrial Canister,nextfarm-next-gut-5L,NF-BIO-PROD-002-5L,Next Gut — 5-Liter HDPE Industrial Canister (Digestive & Gut Health Support (Feed Probiotic)),"Next Gut is an advanced multi-strain enteric probiotic engineered to colonize and protect the digestive tract of shrimp and prawns. Formulated with a synergistic consortium of Lactobacillus, Bifidobacterium, and beneficial yeasts, Next Gut creates a robust protective mucosal biofilm along the intestinal villi. Potency: Minimum 10 Billion CFU/g (1 x 10^10 CFU/g). Microbial Consortium: Citrobacter sp., Lactobacillus sporogenes, Bacteroides, Pseudomonas (beneficial strain), Bifidobacteria, Saccharomyces cerevisiae. Primary Indications: White Gut Disease and intestinal inflammation; White Feces Syndrome (WFS) prevention and reversal; Digestive tract microvilli colonization; Feed drop, anorexia, and lethargic feeding; Poor Feed Conversion Ratio (FCR). CAA-Approved, ISO 9001:2015 Certified, 100% Antibiotic-Free. Manufactured by Next Farm Bio Sciences, New Autonagar, Vijayawada, India.",https://nextfarmbiosciences.app/products/next-gut?size=5L,Next Farm Bio Sciences,Next Farm Bio Sciences,https://nextfarmbiosciences.app,https://nextfarmbiosciences.app/images/products/next-gut/shoot.png,"https://nextfarmbiosciences.app/images/products/next-gut/caa.png,https://nextfarmbiosciences.app/images/products/next-gut/farmer.png,https://nextfarmbiosciences.app/images/products/next-gut/farm.png",5000.00 INR,in_stock,new,true,Business & Industrial > Agriculture > Aquaculture & Livestock Supplies,5.0,kg
NF-NEXT-GUT-2L,NF-NEXT-GUT,true,"{""size"":""2-Liter Twin Field Pack""}",2-Liter Twin Field Pack,nextfarm-next-gut-2L,NF-BIO-PROD-002-2L,Next Gut — 2-Liter Twin Field Pack (Digestive & Gut Health Support (Feed Probiotic)),"Next Gut is an advanced multi-strain enteric probiotic engineered to colonize and protect the digestive tract of shrimp and prawns. Formulated with a synergistic consortium of Lactobacillus, Bifidobacterium, and beneficial yeasts, Next Gut creates a robust protective mucosal biofilm along the intestinal villi. Potency: Minimum 10 Billion CFU/g (1 x 10^10 CFU/g). Microbial Consortium: Citrobacter sp., Lactobacillus sporogenes, Bacteroides, Pseudomonas (beneficial strain), Bifidobacteria, Saccharomyces cerevisiae. Primary Indications: White Gut Disease and intestinal inflammation; White Feces Syndrome (WFS) prevention and reversal; Digestive tract microvilli colonization; Feed drop, anorexia, and lethargic feeding; Poor Feed Conversion Ratio (FCR). CAA-Approved, ISO 9001:2015 Certified, 100% Antibiotic-Free. Manufactured by Next Farm Bio Sciences, New Autonagar, Vijayawada, India.",https://nextfarmbiosciences.app/products/next-gut?size=2L,Next Farm Bio Sciences,Next Farm Bio Sciences,https://nextfarmbiosciences.app,https://nextfarmbiosciences.app/images/products/next-gut/shoot.png,"https://nextfarmbiosciences.app/images/products/next-gut/caa.png,https://nextfarmbiosciences.app/images/products/next-gut/farmer.png,https://nextfarmbiosciences.app/images/products/next-gut/farm.png",2299.00 INR,in_stock,new,true,Business & Industrial > Agriculture > Aquaculture & Livestock Supplies,2.0,kg
NF-NEXT-GUT-1L,NF-NEXT-GUT,true,"{""size"":""1-Liter Precision Bottle""}",1-Liter Precision Bottle,nextfarm-next-gut-1L,NF-BIO-PROD-002-1L,Next Gut — 1-Liter Precision Bottle (Digestive & Gut Health Support (Feed Probiotic)),"Next Gut is an advanced multi-strain enteric probiotic engineered to colonize and protect the digestive tract of shrimp and prawns. Formulated with a synergistic consortium of Lactobacillus, Bifidobacterium, and beneficial yeasts, Next Gut creates a robust protective mucosal biofilm along the intestinal villi. Potency: Minimum 10 Billion CFU/g (1 x 10^10 CFU/g). Microbial Consortium: Citrobacter sp., Lactobacillus sporogenes, Bacteroides, Pseudomonas (beneficial strain), Bifidobacteria, Saccharomyces cerevisiae. Primary Indications: White Gut Disease and intestinal inflammation; White Feces Syndrome (WFS) prevention and reversal; Digestive tract microvilli colonization; Feed drop, anorexia, and lethargic feeding; Poor Feed Conversion Ratio (FCR). CAA-Approved, ISO 9001:2015 Certified, 100% Antibiotic-Free. Manufactured by Next Farm Bio Sciences, New Autonagar, Vijayawada, India.",https://nextfarmbiosciences.app/products/next-gut?size=1L,Next Farm Bio Sciences,Next Farm Bio Sciences,https://nextfarmbiosciences.app,https://nextfarmbiosciences.app/images/products/next-gut/shoot.png,"https://nextfarmbiosciences.app/images/products/next-gut/caa.png,https://nextfarmbiosciences.app/images/products/next-gut/farmer.png,https://nextfarmbiosciences.app/images/products/next-gut/farm.png",1199.00 INR,in_stock,new,true,Business & Industrial > Agriculture > Aquaculture & Livestock Supplies,1.0,kg
NF-NEXT-CONVERTER-5L,NF-NEXT-CONVERTER,true,"{""size"":""5-Liter HDPE Industrial Canister""}",5-Liter HDPE Industrial Canister,nextfarm-next-converter-5L,NF-BIO-PROD-003-5L,Next Converter — 5-Liter HDPE Industrial Canister (Water Quality Conditioner & Gas Remediation),"Next Converter is an industrial-strength water remediation inoculant designed to neutralize dangerous toxic gas spikes in high-density aquaculture ponds. Combining selective nitrifying catalysts with specialized Bacillus polymyxa and Candida species, Next Converter accelerates biological oxidation of nitrogenous and sulfur wastes. Potency: Minimum 4 Billion CFU/ml (4 x 10^9 CFU/ml). Microbial Consortium: Bacillus polymyxa, Candida biological species, Nitrosomonas nitrification stimulants, Enzymatic gas-clearing cofactors. Primary Indications: Unionized Ammonia (NH3) spikes above 0.5 ppm; Toxic Nitrite (NO2) accumulation above 1.0 ppm; Hydrogen Sulfide (H2S) black water and foul odors; Surface piping, nocturnal asphyxiation, and stress; Sudden algae bloom crashes and die-offs. CAA-Approved, ISO 9001:2015 Certified, 100% Antibiotic-Free. Manufactured by Next Farm Bio Sciences, New Autonagar, Vijayawada, India.",https://nextfarmbiosciences.app/products/next-converter?size=5L,Next Farm Bio Sciences,Next Farm Bio Sciences,https://nextfarmbiosciences.app,https://nextfarmbiosciences.app/images/products/next-converter/shoot.png,"https://nextfarmbiosciences.app/images/products/next-converter/caa.png,https://nextfarmbiosciences.app/images/products/next-converter/farmer.png,https://nextfarmbiosciences.app/images/products/next-converter/farm.png",5000.00 INR,in_stock,new,true,Business & Industrial > Agriculture > Aquaculture & Livestock Supplies,5.0,kg
NF-NEXT-CONVERTER-2L,NF-NEXT-CONVERTER,true,"{""size"":""2-Liter Twin Field Pack""}",2-Liter Twin Field Pack,nextfarm-next-converter-2L,NF-BIO-PROD-003-2L,Next Converter — 2-Liter Twin Field Pack (Water Quality Conditioner & Gas Remediation),"Next Converter is an industrial-strength water remediation inoculant designed to neutralize dangerous toxic gas spikes in high-density aquaculture ponds. Combining selective nitrifying catalysts with specialized Bacillus polymyxa and Candida species, Next Converter accelerates biological oxidation of nitrogenous and sulfur wastes. Potency: Minimum 4 Billion CFU/ml (4 x 10^9 CFU/ml). Microbial Consortium: Bacillus polymyxa, Candida biological species, Nitrosomonas nitrification stimulants, Enzymatic gas-clearing cofactors. Primary Indications: Unionized Ammonia (NH3) spikes above 0.5 ppm; Toxic Nitrite (NO2) accumulation above 1.0 ppm; Hydrogen Sulfide (H2S) black water and foul odors; Surface piping, nocturnal asphyxiation, and stress; Sudden algae bloom crashes and die-offs. CAA-Approved, ISO 9001:2015 Certified, 100% Antibiotic-Free. Manufactured by Next Farm Bio Sciences, New Autonagar, Vijayawada, India.",https://nextfarmbiosciences.app/products/next-converter?size=2L,Next Farm Bio Sciences,Next Farm Bio Sciences,https://nextfarmbiosciences.app,https://nextfarmbiosciences.app/images/products/next-converter/shoot.png,"https://nextfarmbiosciences.app/images/products/next-converter/caa.png,https://nextfarmbiosciences.app/images/products/next-converter/farmer.png,https://nextfarmbiosciences.app/images/products/next-converter/farm.png",2299.00 INR,in_stock,new,true,Business & Industrial > Agriculture > Aquaculture & Livestock Supplies,2.0,kg
NF-NEXT-CONVERTER-1L,NF-NEXT-CONVERTER,true,"{""size"":""1-Liter Precision Bottle""}",1-Liter Precision Bottle,nextfarm-next-converter-1L,NF-BIO-PROD-003-1L,Next Converter — 1-Liter Precision Bottle (Water Quality Conditioner & Gas Remediation),"Next Converter is an industrial-strength water remediation inoculant designed to neutralize dangerous toxic gas spikes in high-density aquaculture ponds. Combining selective nitrifying catalysts with specialized Bacillus polymyxa and Candida species, Next Converter accelerates biological oxidation of nitrogenous and sulfur wastes. Potency: Minimum 4 Billion CFU/ml (4 x 10^9 CFU/ml). Microbial Consortium: Bacillus polymyxa, Candida biological species, Nitrosomonas nitrification stimulants, Enzymatic gas-clearing cofactors. Primary Indications: Unionized Ammonia (NH3) spikes above 0.5 ppm; Toxic Nitrite (NO2) accumulation above 1.0 ppm; Hydrogen Sulfide (H2S) black water and foul odors; Surface piping, nocturnal asphyxiation, and stress; Sudden algae bloom crashes and die-offs. CAA-Approved, ISO 9001:2015 Certified, 100% Antibiotic-Free. Manufactured by Next Farm Bio Sciences, New Autonagar, Vijayawada, India.",https://nextfarmbiosciences.app/products/next-converter?size=1L,Next Farm Bio Sciences,Next Farm Bio Sciences,https://nextfarmbiosciences.app,https://nextfarmbiosciences.app/images/products/next-converter/shoot.png,"https://nextfarmbiosciences.app/images/products/next-converter/caa.png,https://nextfarmbiosciences.app/images/products/next-converter/farmer.png,https://nextfarmbiosciences.app/images/products/next-converter/farm.png",1199.00 INR,in_stock,new,true,Business & Industrial > Agriculture > Aquaculture & Livestock Supplies,1.0,kg
NF-NEXT-SLUDGE-5L,NF-NEXT-SLUDGE,true,"{""size"":""5 kg Moisture-Barrier Industrial Pouch""}",5 kg Moisture-Barrier Industrial Pouch,nextfarm-next-sludge-5L,NF-BIO-PROD-004-5L,Next Sludge — 5 kg Moisture-Barrier Industrial Pouch (Pond Bottom & Sludge Conditioner),"Next Sludge is a specialized fungal-bacterial bioremediation formula formulated to digest heavy black soil, organic waste, and sludge buildup at the pond bottom. Utilizing an enzymatic consortium of beneficial fungi, Next Sludge hydrolyzes recalcitrant organic polymers that standard bacteria cannot break down. Potency: Bio-enzymatic fungal matrix with Chitinase, Cellulase, Protease. Microbial Consortium: Rhizopus sp., Cunninghemella, Chrysosporium, Mucor, Pleurotus, Aspergillus fermentation solids. Primary Indications: Anaerobic black benthic soil and central sludge mounds; Accumulation of molted shrimp carapaces (chitin); Rotten egg smell and bubbling benthic gases; Uneaten feed accumulation in feeding check trays; Reclamation of old unlined earthen ponds. CAA-Approved, ISO 9001:2015 Certified, 100% Antibiotic-Free. Manufactured by Next Farm Bio Sciences, New Autonagar, Vijayawada, India.",https://nextfarmbiosciences.app/products/next-sludge?size=5L,Next Farm Bio Sciences,Next Farm Bio Sciences,https://nextfarmbiosciences.app,https://nextfarmbiosciences.app/images/products/next-sludge/shoot.png,"https://nextfarmbiosciences.app/images/products/next-sludge/caa.png,https://nextfarmbiosciences.app/images/products/next-sludge/farmer.png,https://nextfarmbiosciences.app/images/products/next-sludge/farm.png",5000.00 INR,in_stock,new,true,Business & Industrial > Agriculture > Aquaculture & Livestock Supplies,5.0,kg
NF-NEXT-SLUDGE-2L,NF-NEXT-SLUDGE,true,"{""size"":""2-Liter Twin Field Pack""}",2-Liter Twin Field Pack,nextfarm-next-sludge-2L,NF-BIO-PROD-004-2L,Next Sludge — 2-Liter Twin Field Pack (Pond Bottom & Sludge Conditioner),"Next Sludge is a specialized fungal-bacterial bioremediation formula formulated to digest heavy black soil, organic waste, and sludge buildup at the pond bottom. Utilizing an enzymatic consortium of beneficial fungi, Next Sludge hydrolyzes recalcitrant organic polymers that standard bacteria cannot break down. Potency: Bio-enzymatic fungal matrix with Chitinase, Cellulase, Protease. Microbial Consortium: Rhizopus sp., Cunninghemella, Chrysosporium, Mucor, Pleurotus, Aspergillus fermentation solids. Primary Indications: Anaerobic black benthic soil and central sludge mounds; Accumulation of molted shrimp carapaces (chitin); Rotten egg smell and bubbling benthic gases; Uneaten feed accumulation in feeding check trays; Reclamation of old unlined earthen ponds. CAA-Approved, ISO 9001:2015 Certified, 100% Antibiotic-Free. Manufactured by Next Farm Bio Sciences, New Autonagar, Vijayawada, India.",https://nextfarmbiosciences.app/products/next-sludge?size=2L,Next Farm Bio Sciences,Next Farm Bio Sciences,https://nextfarmbiosciences.app,https://nextfarmbiosciences.app/images/products/next-sludge/shoot.png,"https://nextfarmbiosciences.app/images/products/next-sludge/caa.png,https://nextfarmbiosciences.app/images/products/next-sludge/farmer.png,https://nextfarmbiosciences.app/images/products/next-sludge/farm.png",2299.00 INR,in_stock,new,true,Business & Industrial > Agriculture > Aquaculture & Livestock Supplies,2.0,kg
NF-NEXT-SLUDGE-1L,NF-NEXT-SLUDGE,true,"{""size"":""1 kg Precision Foil Pouch""}",1 kg Precision Foil Pouch,nextfarm-next-sludge-1L,NF-BIO-PROD-004-1L,Next Sludge — 1 kg Precision Foil Pouch (Pond Bottom & Sludge Conditioner),"Next Sludge is a specialized fungal-bacterial bioremediation formula formulated to digest heavy black soil, organic waste, and sludge buildup at the pond bottom. Utilizing an enzymatic consortium of beneficial fungi, Next Sludge hydrolyzes recalcitrant organic polymers that standard bacteria cannot break down. Potency: Bio-enzymatic fungal matrix with Chitinase, Cellulase, Protease. Microbial Consortium: Rhizopus sp., Cunninghemella, Chrysosporium, Mucor, Pleurotus, Aspergillus fermentation solids. Primary Indications: Anaerobic black benthic soil and central sludge mounds; Accumulation of molted shrimp carapaces (chitin); Rotten egg smell and bubbling benthic gases; Uneaten feed accumulation in feeding check trays; Reclamation of old unlined earthen ponds. CAA-Approved, ISO 9001:2015 Certified, 100% Antibiotic-Free. Manufactured by Next Farm Bio Sciences, New Autonagar, Vijayawada, India.",https://nextfarmbiosciences.app/products/next-sludge?size=1L,Next Farm Bio Sciences,Next Farm Bio Sciences,https://nextfarmbiosciences.app,https://nextfarmbiosciences.app/images/products/next-sludge/shoot.png,"https://nextfarmbiosciences.app/images/products/next-sludge/caa.png,https://nextfarmbiosciences.app/images/products/next-sludge/farmer.png,https://nextfarmbiosciences.app/images/products/next-sludge/farm.png",1199.00 INR,in_stock,new,true,Business & Industrial > Agriculture > Aquaculture & Livestock Supplies,1.0,kg
NF-NEXT-VIBRIOSIS-5L,NF-NEXT-VIBRIOSIS,true,"{""size"":""5-Liter HDPE Industrial Canister""}",5-Liter HDPE Industrial Canister,nextfarm-next-vibriosis-5L,NF-BIO-PROD-005-5L,Next Vibriosis — 5-Liter HDPE Industrial Canister (Targeted Vibrio & EMS/AHPND Management),"Next Vibriosis is an advanced biocontrol formulation specifically developed to suppress virulent Vibrio species in intensive shrimp cultivation. Formulated with targeted Lactobacillus, Pediococcus, and Streptomyces, it produces powerful natural bacteriocins that inhibit Vibrio parahaemolyticus and EMS/AHPND pathogens. Potency: Minimum 8 Billion CFU/ml (8 x 10^9 CFU/ml). Microbial Consortium: Lactobacillus plantarum, Lactobacillus curvatus, Pediococcus acidilactici, Penicillium roqueforti, Streptomyces griseus. Primary Indications: Early Mortality Syndrome (EMS / AHPND); Vibrio parahaemolyticus green colonies (> 100 CFU/ml on TCBS agar); Red Disease (red pleopods, antennae, and tail fan); Luminescent / glowing water in darkness; Hepatopancreas discoloration and tubular necrosis. CAA-Approved, ISO 9001:2015 Certified, 100% Antibiotic-Free. Manufactured by Next Farm Bio Sciences, New Autonagar, Vijayawada, India.",https://nextfarmbiosciences.app/products/next-vibriosis?size=5L,Next Farm Bio Sciences,Next Farm Bio Sciences,https://nextfarmbiosciences.app,https://nextfarmbiosciences.app/images/products/next-vibriosis/shoot.png,"https://nextfarmbiosciences.app/images/products/next-vibriosis/caa.png,https://nextfarmbiosciences.app/images/products/next-vibriosis/farmer.png,https://nextfarmbiosciences.app/images/products/next-vibriosis/farm.png",5000.00 INR,in_stock,new,true,Business & Industrial > Agriculture > Aquaculture & Livestock Supplies,5.0,kg
NF-NEXT-VIBRIOSIS-2L,NF-NEXT-VIBRIOSIS,true,"{""size"":""2-Liter Twin Field Pack""}",2-Liter Twin Field Pack,nextfarm-next-vibriosis-2L,NF-BIO-PROD-005-2L,Next Vibriosis — 2-Liter Twin Field Pack (Targeted Vibrio & EMS/AHPND Management),"Next Vibriosis is an advanced biocontrol formulation specifically developed to suppress virulent Vibrio species in intensive shrimp cultivation. Formulated with targeted Lactobacillus, Pediococcus, and Streptomyces, it produces powerful natural bacteriocins that inhibit Vibrio parahaemolyticus and EMS/AHPND pathogens. Potency: Minimum 8 Billion CFU/ml (8 x 10^9 CFU/ml). Microbial Consortium: Lactobacillus plantarum, Lactobacillus curvatus, Pediococcus acidilactici, Penicillium roqueforti, Streptomyces griseus. Primary Indications: Early Mortality Syndrome (EMS / AHPND); Vibrio parahaemolyticus green colonies (> 100 CFU/ml on TCBS agar); Red Disease (red pleopods, antennae, and tail fan); Luminescent / glowing water in darkness; Hepatopancreas discoloration and tubular necrosis. CAA-Approved, ISO 9001:2015 Certified, 100% Antibiotic-Free. Manufactured by Next Farm Bio Sciences, New Autonagar, Vijayawada, India.",https://nextfarmbiosciences.app/products/next-vibriosis?size=2L,Next Farm Bio Sciences,Next Farm Bio Sciences,https://nextfarmbiosciences.app,https://nextfarmbiosciences.app/images/products/next-vibriosis/shoot.png,"https://nextfarmbiosciences.app/images/products/next-vibriosis/caa.png,https://nextfarmbiosciences.app/images/products/next-vibriosis/farmer.png,https://nextfarmbiosciences.app/images/products/next-vibriosis/farm.png",2299.00 INR,in_stock,new,true,Business & Industrial > Agriculture > Aquaculture & Livestock Supplies,2.0,kg
NF-NEXT-VIBRIOSIS-1L,NF-NEXT-VIBRIOSIS,true,"{""size"":""1-Liter Precision Bottle""}",1-Liter Precision Bottle,nextfarm-next-vibriosis-1L,NF-BIO-PROD-005-1L,Next Vibriosis — 1-Liter Precision Bottle (Targeted Vibrio & EMS/AHPND Management),"Next Vibriosis is an advanced biocontrol formulation specifically developed to suppress virulent Vibrio species in intensive shrimp cultivation. Formulated with targeted Lactobacillus, Pediococcus, and Streptomyces, it produces powerful natural bacteriocins that inhibit Vibrio parahaemolyticus and EMS/AHPND pathogens. Potency: Minimum 8 Billion CFU/ml (8 x 10^9 CFU/ml). Microbial Consortium: Lactobacillus plantarum, Lactobacillus curvatus, Pediococcus acidilactici, Penicillium roqueforti, Streptomyces griseus. Primary Indications: Early Mortality Syndrome (EMS / AHPND); Vibrio parahaemolyticus green colonies (> 100 CFU/ml on TCBS agar); Red Disease (red pleopods, antennae, and tail fan); Luminescent / glowing water in darkness; Hepatopancreas discoloration and tubular necrosis. CAA-Approved, ISO 9001:2015 Certified, 100% Antibiotic-Free. Manufactured by Next Farm Bio Sciences, New Autonagar, Vijayawada, India.",https://nextfarmbiosciences.app/products/next-vibriosis?size=1L,Next Farm Bio Sciences,Next Farm Bio Sciences,https://nextfarmbiosciences.app,https://nextfarmbiosciences.app/images/products/next-vibriosis/shoot.png,"https://nextfarmbiosciences.app/images/products/next-vibriosis/caa.png,https://nextfarmbiosciences.app/images/products/next-vibriosis/farmer.png,https://nextfarmbiosciences.app/images/products/next-vibriosis/farm.png",1199.00 INR,in_stock,new,true,Business & Industrial > Agriculture > Aquaculture & Livestock Supplies,1.0,kg
NF-NEXT-MIN-5L,NF-NEXT-MIN,true,"{""size"":""10 kg Heavy-Duty Multi-Wall Bag""}",10 kg Heavy-Duty Multi-Wall Bag,nextfarm-next-min-5L,NF-BIO-PROD-006-5L,Next-Min — 10 kg Heavy-Duty Multi-Wall Bag (Balanced Bio-Mineral Supplement),"Next-Min is a comprehensive, highly bioavailable ionic mineral formulation designed to satisfy the rigorous osmotic and mineral requirements of shrimp and prawns. Formulated with an optimized Calcium-to-Magnesium ratio (1:3.5) alongside bioavailable Phosphorus and trace minerals, Next-Min accelerates post-molt shell hardening. Potency: 100% Water-Soluble Pharmaceutical-Grade Bioavailable Electrolytes. Microbial Consortium: Calcium (Ca) Min 22.0%, Magnesium (Mg) Min 11.0%, Phosphorus (P) Min 4.5%, Potassium (K) Min 3.0%, Trace Minerals: Zinc, Manganese, Iron, Copper, Selenium. Primary Indications: Soft shell syndrome persisting beyond 4 hours post-molt; Incomplete molting mortalities and stuck shells; White muscle cramps and opaque abdominal tissue; Low salinity and inland shrimp farming (0-10 ppt); Lunar cycle molting stress (Full Moon / New Moon); Electrolyte imbalance in borewell waters. CAA-Approved, ISO 9001:2015 Certified, 100% Antibiotic-Free. Manufactured by Next Farm Bio Sciences, New Autonagar, Vijayawada, India.",https://nextfarmbiosciences.app/products/next-min?size=5L,Next Farm Bio Sciences,Next Farm Bio Sciences,https://nextfarmbiosciences.app,https://nextfarmbiosciences.app/images/products/next-min/shoot.png,https://nextfarmbiosciences.app/images/products/next-min/farm.png,5000.00 INR,in_stock,new,true,Business & Industrial > Agriculture > Aquaculture & Livestock Supplies,5.0,kg
NF-NEXT-MIN-2L,NF-NEXT-MIN,true,"{""size"":""2-Liter Twin Field Pack""}",2-Liter Twin Field Pack,nextfarm-next-min-2L,NF-BIO-PROD-006-2L,Next-Min — 2-Liter Twin Field Pack (Balanced Bio-Mineral Supplement),"Next-Min is a comprehensive, highly bioavailable ionic mineral formulation designed to satisfy the rigorous osmotic and mineral requirements of shrimp and prawns. Formulated with an optimized Calcium-to-Magnesium ratio (1:3.5) alongside bioavailable Phosphorus and trace minerals, Next-Min accelerates post-molt shell hardening. Potency: 100% Water-Soluble Pharmaceutical-Grade Bioavailable Electrolytes. Microbial Consortium: Calcium (Ca) Min 22.0%, Magnesium (Mg) Min 11.0%, Phosphorus (P) Min 4.5%, Potassium (K) Min 3.0%, Trace Minerals: Zinc, Manganese, Iron, Copper, Selenium. Primary Indications: Soft shell syndrome persisting beyond 4 hours post-molt; Incomplete molting mortalities and stuck shells; White muscle cramps and opaque abdominal tissue; Low salinity and inland shrimp farming (0-10 ppt); Lunar cycle molting stress (Full Moon / New Moon); Electrolyte imbalance in borewell waters. CAA-Approved, ISO 9001:2015 Certified, 100% Antibiotic-Free. Manufactured by Next Farm Bio Sciences, New Autonagar, Vijayawada, India.",https://nextfarmbiosciences.app/products/next-min?size=2L,Next Farm Bio Sciences,Next Farm Bio Sciences,https://nextfarmbiosciences.app,https://nextfarmbiosciences.app/images/products/next-min/shoot.png,https://nextfarmbiosciences.app/images/products/next-min/farm.png,2299.00 INR,in_stock,new,true,Business & Industrial > Agriculture > Aquaculture & Livestock Supplies,2.0,kg
NF-NEXT-MIN-1L,NF-NEXT-MIN,true,"{""size"":""2 kg Precision Bag""}",2 kg Precision Bag,nextfarm-next-min-1L,NF-BIO-PROD-006-1L,Next-Min — 2 kg Precision Bag (Balanced Bio-Mineral Supplement),"Next-Min is a comprehensive, highly bioavailable ionic mineral formulation designed to satisfy the rigorous osmotic and mineral requirements of shrimp and prawns. Formulated with an optimized Calcium-to-Magnesium ratio (1:3.5) alongside bioavailable Phosphorus and trace minerals, Next-Min accelerates post-molt shell hardening. Potency: 100% Water-Soluble Pharmaceutical-Grade Bioavailable Electrolytes. Microbial Consortium: Calcium (Ca) Min 22.0%, Magnesium (Mg) Min 11.0%, Phosphorus (P) Min 4.5%, Potassium (K) Min 3.0%, Trace Minerals: Zinc, Manganese, Iron, Copper, Selenium. Primary Indications: Soft shell syndrome persisting beyond 4 hours post-molt; Incomplete molting mortalities and stuck shells; White muscle cramps and opaque abdominal tissue; Low salinity and inland shrimp farming (0-10 ppt); Lunar cycle molting stress (Full Moon / New Moon); Electrolyte imbalance in borewell waters. CAA-Approved, ISO 9001:2015 Certified, 100% Antibiotic-Free. Manufactured by Next Farm Bio Sciences, New Autonagar, Vijayawada, India.",https://nextfarmbiosciences.app/products/next-min?size=1L,Next Farm Bio Sciences,Next Farm Bio Sciences,https://nextfarmbiosciences.app,https://nextfarmbiosciences.app/images/products/next-min/shoot.png,https://nextfarmbiosciences.app/images/products/next-min/farm.png,1199.00 INR,in_stock,new,true,Business & Industrial > Agriculture > Aquaculture & Livestock Supplies,1.0,kg
NF-NEXT-FOOD-PRO-5L,NF-NEXT-FOOD-PRO,true,"{""size"":""5 kg Master Industrial Pouch""}",5 kg Master Industrial Pouch,nextfarm-next-food-pro-5L,NF-BIO-PROD-007-5L,next food pro — 5 kg Master Industrial Pouch (Feed-Grade Bio-Nutrition Probiotic Supplement),"Next Food Pro is a premium, feed-grade probiotic supplement engineered to fortify standard aquaculture feed pellets with bioactive digestive enzymes, essential vitamins, and heat-resistant spore-forming bacteria. Designed to withstand pelleted feed processing, it ensures active spores reach the shrimp gut intact. Potency: Minimum 6 Billion CFU/g (6 x 10^9 CFU/g). Microbial Consortium: Bacillus subtilis (feed grade), Lactobacillus acidophilus, Enterococcus faecium, Beta-1,3/1,6-glucans, Mannan-Oligosaccharides (MOS), B-Complex Vitamins (B1, B2, B6, B12, Niacin, Folic acid). Primary Indications: Feed Conversion Ratio (FCR) optimization; Immune system activation and disease resistance; Daily weight gain (ADG) acceleration; Nursery and juvenile growth fortification; Uniform harvest grading and reduced size disparity. CAA-Approved, ISO 9001:2015 Certified, 100% Antibiotic-Free. Manufactured by Next Farm Bio Sciences, New Autonagar, Vijayawada, India.",https://nextfarmbiosciences.app/products/next-food-pro?size=5L,Next Farm Bio Sciences,Next Farm Bio Sciences,https://nextfarmbiosciences.app,https://nextfarmbiosciences.app/images/products/next-food-pro/shoot.png,"https://nextfarmbiosciences.app/images/products/next-food-pro/caa.png,https://nextfarmbiosciences.app/images/products/next-food-pro/farmer.png,https://nextfarmbiosciences.app/images/products/next-food-pro/farm.png",5000.00 INR,in_stock,new,true,Business & Industrial > Agriculture > Aquaculture & Livestock Supplies,5.0,kg
NF-NEXT-FOOD-PRO-2L,NF-NEXT-FOOD-PRO,true,"{""size"":""2-Liter Twin Field Pack""}",2-Liter Twin Field Pack,nextfarm-next-food-pro-2L,NF-BIO-PROD-007-2L,next food pro — 2-Liter Twin Field Pack (Feed-Grade Bio-Nutrition Probiotic Supplement),"Next Food Pro is a premium, feed-grade probiotic supplement engineered to fortify standard aquaculture feed pellets with bioactive digestive enzymes, essential vitamins, and heat-resistant spore-forming bacteria. Designed to withstand pelleted feed processing, it ensures active spores reach the shrimp gut intact. Potency: Minimum 6 Billion CFU/g (6 x 10^9 CFU/g). Microbial Consortium: Bacillus subtilis (feed grade), Lactobacillus acidophilus, Enterococcus faecium, Beta-1,3/1,6-glucans, Mannan-Oligosaccharides (MOS), B-Complex Vitamins (B1, B2, B6, B12, Niacin, Folic acid). Primary Indications: Feed Conversion Ratio (FCR) optimization; Immune system activation and disease resistance; Daily weight gain (ADG) acceleration; Nursery and juvenile growth fortification; Uniform harvest grading and reduced size disparity. CAA-Approved, ISO 9001:2015 Certified, 100% Antibiotic-Free. Manufactured by Next Farm Bio Sciences, New Autonagar, Vijayawada, India.",https://nextfarmbiosciences.app/products/next-food-pro?size=2L,Next Farm Bio Sciences,Next Farm Bio Sciences,https://nextfarmbiosciences.app,https://nextfarmbiosciences.app/images/products/next-food-pro/shoot.png,"https://nextfarmbiosciences.app/images/products/next-food-pro/caa.png,https://nextfarmbiosciences.app/images/products/next-food-pro/farmer.png,https://nextfarmbiosciences.app/images/products/next-food-pro/farm.png",2299.00 INR,in_stock,new,true,Business & Industrial > Agriculture > Aquaculture & Livestock Supplies,2.0,kg
NF-NEXT-FOOD-PRO-1L,NF-NEXT-FOOD-PRO,true,"{""size"":""1 kg Stand-Up Foil Pouch""}",1 kg Stand-Up Foil Pouch,nextfarm-next-food-pro-1L,NF-BIO-PROD-007-1L,next food pro — 1 kg Stand-Up Foil Pouch (Feed-Grade Bio-Nutrition Probiotic Supplement),"Next Food Pro is a premium, feed-grade probiotic supplement engineered to fortify standard aquaculture feed pellets with bioactive digestive enzymes, essential vitamins, and heat-resistant spore-forming bacteria. Designed to withstand pelleted feed processing, it ensures active spores reach the shrimp gut intact. Potency: Minimum 6 Billion CFU/g (6 x 10^9 CFU/g). Microbial Consortium: Bacillus subtilis (feed grade), Lactobacillus acidophilus, Enterococcus faecium, Beta-1,3/1,6-glucans, Mannan-Oligosaccharides (MOS), B-Complex Vitamins (B1, B2, B6, B12, Niacin, Folic acid). Primary Indications: Feed Conversion Ratio (FCR) optimization; Immune system activation and disease resistance; Daily weight gain (ADG) acceleration; Nursery and juvenile growth fortification; Uniform harvest grading and reduced size disparity. CAA-Approved, ISO 9001:2015 Certified, 100% Antibiotic-Free. Manufactured by Next Farm Bio Sciences, New Autonagar, Vijayawada, India.",https://nextfarmbiosciences.app/products/next-food-pro?size=1L,Next Farm Bio Sciences,Next Farm Bio Sciences,https://nextfarmbiosciences.app,https://nextfarmbiosciences.app/images/products/next-food-pro/shoot.png,"https://nextfarmbiosciences.app/images/products/next-food-pro/caa.png,https://nextfarmbiosciences.app/images/products/next-food-pro/farmer.png,https://nextfarmbiosciences.app/images/products/next-food-pro/farm.png",1199.00 INR,in_stock,new,true,Business & Industrial > Agriculture > Aquaculture & Livestock Supplies,1.0,kg
NF-NEXT-SOFTNER-5L,NF-NEXT-SOFTNER,true,"{""size"":""5-Liter HDPE Industrial Canister""}",5-Liter HDPE Industrial Canister,nextfarm-next-softner-5L,NF-BIO-PROD-008-5L,Next Softner — 5-Liter HDPE Industrial Canister (Water Hardness & Carbonate Conditioner),"Next Softner is an organic microbiological water conditioner engineered to alleviate extreme water hardness, excessive salinity scaling, and heavy mineral crusting in aquaculture ponds. Using a proprietary blend of Acetobacter, Arthrobacter, and Azotobacter, it secretes natural biological chelators that soften water gently. Potency: Biological Chelation Consortium with Citric, Malic, Gluconic Intermediates. Microbial Consortium: Acetobacter sp., Arthrobacter, Azotobacter, Azomonas, Beijerinckia, Natural organic acid complexes (citric, malic, gluconic). Primary Indications: Total water hardness exceeding 300 ppm CaCO3; Borewell water scaling and chalky mineral crusting; Mineral calcification on shrimp gills and carapaces; Heavy calcium deposits on aerator blades and pipes; Erratic daily pH swings in high-carbonate waters. CAA-Approved, ISO 9001:2015 Certified, 100% Antibiotic-Free. Manufactured by Next Farm Bio Sciences, New Autonagar, Vijayawada, India.",https://nextfarmbiosciences.app/products/next-softner?size=5L,Next Farm Bio Sciences,Next Farm Bio Sciences,https://nextfarmbiosciences.app,https://nextfarmbiosciences.app/images/products/next-softner/shoot.png,"https://nextfarmbiosciences.app/images/products/next-softner/caa.png,https://nextfarmbiosciences.app/images/products/next-softner/farmer.png,https://nextfarmbiosciences.app/images/products/next-softner/farm.png",5000.00 INR,in_stock,new,true,Business & Industrial > Agriculture > Aquaculture & Livestock Supplies,5.0,kg
NF-NEXT-SOFTNER-2L,NF-NEXT-SOFTNER,true,"{""size"":""2-Liter Twin Field Pack""}",2-Liter Twin Field Pack,nextfarm-next-softner-2L,NF-BIO-PROD-008-2L,Next Softner — 2-Liter Twin Field Pack (Water Hardness & Carbonate Conditioner),"Next Softner is an organic microbiological water conditioner engineered to alleviate extreme water hardness, excessive salinity scaling, and heavy mineral crusting in aquaculture ponds. Using a proprietary blend of Acetobacter, Arthrobacter, and Azotobacter, it secretes natural biological chelators that soften water gently. Potency: Biological Chelation Consortium with Citric, Malic, Gluconic Intermediates. Microbial Consortium: Acetobacter sp., Arthrobacter, Azotobacter, Azomonas, Beijerinckia, Natural organic acid complexes (citric, malic, gluconic). Primary Indications: Total water hardness exceeding 300 ppm CaCO3; Borewell water scaling and chalky mineral crusting; Mineral calcification on shrimp gills and carapaces; Heavy calcium deposits on aerator blades and pipes; Erratic daily pH swings in high-carbonate waters. CAA-Approved, ISO 9001:2015 Certified, 100% Antibiotic-Free. Manufactured by Next Farm Bio Sciences, New Autonagar, Vijayawada, India.",https://nextfarmbiosciences.app/products/next-softner?size=2L,Next Farm Bio Sciences,Next Farm Bio Sciences,https://nextfarmbiosciences.app,https://nextfarmbiosciences.app/images/products/next-softner/shoot.png,"https://nextfarmbiosciences.app/images/products/next-softner/caa.png,https://nextfarmbiosciences.app/images/products/next-softner/farmer.png,https://nextfarmbiosciences.app/images/products/next-softner/farm.png",2299.00 INR,in_stock,new,true,Business & Industrial > Agriculture > Aquaculture & Livestock Supplies,2.0,kg
NF-NEXT-SOFTNER-1L,NF-NEXT-SOFTNER,true,"{""size"":""1-Liter Precision Bottle""}",1-Liter Precision Bottle,nextfarm-next-softner-1L,NF-BIO-PROD-008-1L,Next Softner — 1-Liter Precision Bottle (Water Hardness & Carbonate Conditioner),"Next Softner is an organic microbiological water conditioner engineered to alleviate extreme water hardness, excessive salinity scaling, and heavy mineral crusting in aquaculture ponds. Using a proprietary blend of Acetobacter, Arthrobacter, and Azotobacter, it secretes natural biological chelators that soften water gently. Potency: Biological Chelation Consortium with Citric, Malic, Gluconic Intermediates. Microbial Consortium: Acetobacter sp., Arthrobacter, Azotobacter, Azomonas, Beijerinckia, Natural organic acid complexes (citric, malic, gluconic). Primary Indications: Total water hardness exceeding 300 ppm CaCO3; Borewell water scaling and chalky mineral crusting; Mineral calcification on shrimp gills and carapaces; Heavy calcium deposits on aerator blades and pipes; Erratic daily pH swings in high-carbonate waters. CAA-Approved, ISO 9001:2015 Certified, 100% Antibiotic-Free. Manufactured by Next Farm Bio Sciences, New Autonagar, Vijayawada, India.",https://nextfarmbiosciences.app/products/next-softner?size=1L,Next Farm Bio Sciences,Next Farm Bio Sciences,https://nextfarmbiosciences.app,https://nextfarmbiosciences.app/images/products/next-softner/shoot.png,"https://nextfarmbiosciences.app/images/products/next-softner/caa.png,https://nextfarmbiosciences.app/images/products/next-softner/farmer.png,https://nextfarmbiosciences.app/images/products/next-softner/farm.png",1199.00 INR,in_stock,new,true,Business & Industrial > Agriculture > Aquaculture & Livestock Supplies,1.0,kg
NF-NEXT-REMEDY-5L,NF-NEXT-REMEDY,true,"{""size"":""5-Liter HDPE Industrial Canister""}",5-Liter HDPE Industrial Canister,nextfarm-next-remedy-5L,NF-BIO-PROD-009-5L,Next Remedy — 5-Liter HDPE Industrial Canister (Microbial Balance & Cyanobacteria Control),"Next Remedy is a precision biological bloom regulator formulated to maintain clean, stable pond color and suppress toxic blue-green algae (Microcystis, Oscillatoria, Anabaena). Utilizing an antagonistic consortium of Candida and Rhodococcus, it gently reduces excessive phytoplankton density. Potency: Minimum 5 Billion CFU/ml (5 x 10^9 CFU/ml). Microbial Consortium: Candida sp., Rhodococcus, Arthrobacter, Rhodotorula. Primary Indications: Toxic blue-green algae blooms (Microcystis, Oscillatoria); Thick pea-soup green pond water with transparency under 20 cm; Surface scum, foul froth, and dead algal mats; Dangerous late-afternoon pH spikes above 9.0; Nocturnal oxygen drops and danger of sudden bloom crash. CAA-Approved, ISO 9001:2015 Certified, 100% Antibiotic-Free. Manufactured by Next Farm Bio Sciences, New Autonagar, Vijayawada, India.",https://nextfarmbiosciences.app/products/next-remedy?size=5L,Next Farm Bio Sciences,Next Farm Bio Sciences,https://nextfarmbiosciences.app,https://nextfarmbiosciences.app/images/products/next-remedy/shoot.png,"https://nextfarmbiosciences.app/images/products/next-remedy/caa.png,https://nextfarmbiosciences.app/images/products/next-remedy/farmer.png,https://nextfarmbiosciences.app/images/products/next-remedy/farm.png",5000.00 INR,in_stock,new,true,Business & Industrial > Agriculture > Aquaculture & Livestock Supplies,5.0,kg
NF-NEXT-REMEDY-2L,NF-NEXT-REMEDY,true,"{""size"":""2-Liter Twin Field Pack""}",2-Liter Twin Field Pack,nextfarm-next-remedy-2L,NF-BIO-PROD-009-2L,Next Remedy — 2-Liter Twin Field Pack (Microbial Balance & Cyanobacteria Control),"Next Remedy is a precision biological bloom regulator formulated to maintain clean, stable pond color and suppress toxic blue-green algae (Microcystis, Oscillatoria, Anabaena). Utilizing an antagonistic consortium of Candida and Rhodococcus, it gently reduces excessive phytoplankton density. Potency: Minimum 5 Billion CFU/ml (5 x 10^9 CFU/ml). Microbial Consortium: Candida sp., Rhodococcus, Arthrobacter, Rhodotorula. Primary Indications: Toxic blue-green algae blooms (Microcystis, Oscillatoria); Thick pea-soup green pond water with transparency under 20 cm; Surface scum, foul froth, and dead algal mats; Dangerous late-afternoon pH spikes above 9.0; Nocturnal oxygen drops and danger of sudden bloom crash. CAA-Approved, ISO 9001:2015 Certified, 100% Antibiotic-Free. Manufactured by Next Farm Bio Sciences, New Autonagar, Vijayawada, India.",https://nextfarmbiosciences.app/products/next-remedy?size=2L,Next Farm Bio Sciences,Next Farm Bio Sciences,https://nextfarmbiosciences.app,https://nextfarmbiosciences.app/images/products/next-remedy/shoot.png,"https://nextfarmbiosciences.app/images/products/next-remedy/caa.png,https://nextfarmbiosciences.app/images/products/next-remedy/farmer.png,https://nextfarmbiosciences.app/images/products/next-remedy/farm.png",2299.00 INR,in_stock,new,true,Business & Industrial > Agriculture > Aquaculture & Livestock Supplies,2.0,kg
NF-NEXT-REMEDY-1L,NF-NEXT-REMEDY,true,"{""size"":""1-Liter Precision Bottle""}",1-Liter Precision Bottle,nextfarm-next-remedy-1L,NF-BIO-PROD-009-1L,Next Remedy — 1-Liter Precision Bottle (Microbial Balance & Cyanobacteria Control),"Next Remedy is a precision biological bloom regulator formulated to maintain clean, stable pond color and suppress toxic blue-green algae (Microcystis, Oscillatoria, Anabaena). Utilizing an antagonistic consortium of Candida and Rhodococcus, it gently reduces excessive phytoplankton density. Potency: Minimum 5 Billion CFU/ml (5 x 10^9 CFU/ml). Microbial Consortium: Candida sp., Rhodococcus, Arthrobacter, Rhodotorula. Primary Indications: Toxic blue-green algae blooms (Microcystis, Oscillatoria); Thick pea-soup green pond water with transparency under 20 cm; Surface scum, foul froth, and dead algal mats; Dangerous late-afternoon pH spikes above 9.0; Nocturnal oxygen drops and danger of sudden bloom crash. CAA-Approved, ISO 9001:2015 Certified, 100% Antibiotic-Free. Manufactured by Next Farm Bio Sciences, New Autonagar, Vijayawada, India.",https://nextfarmbiosciences.app/products/next-remedy?size=1L,Next Farm Bio Sciences,Next Farm Bio Sciences,https://nextfarmbiosciences.app,https://nextfarmbiosciences.app/images/products/next-remedy/shoot.png,"https://nextfarmbiosciences.app/images/products/next-remedy/caa.png,https://nextfarmbiosciences.app/images/products/next-remedy/farmer.png,https://nextfarmbiosciences.app/images/products/next-remedy/farm.png",1199.00 INR,in_stock,new,true,Business & Industrial > Agriculture > Aquaculture & Livestock Supplies,1.0,kg
NF-NEXT-PRO-PLUS-5L,NF-NEXT-PRO-PLUS,true,"{""size"":""5-Liter HDPE Industrial Canister""}",5-Liter HDPE Industrial Canister,nextfarm-next-pro-plus-5L,NF-BIO-PROD-010-5L,Next Pro Plus — 5-Liter HDPE Industrial Canister (Herbal Water & Bottom Conditioner),"Next Pro Plus is an innovative herbal-biotech pond conditioner combining bioactive plant extracts with selective Bacillus strains and free L-amino acids. Designed to enhance the foundational ecology of the pond, it stimulates natural live food reproduction while detoxifying bottom mud. Potency: Minimum 3 Billion CFU/ml (3 x 10^9 CFU/ml). Microbial Consortium: Aqua-grade herbal botanical amino acid complex (20% active extract), Free L-Amino Acids: Glycine, Glutamic acid, Alanine, Lysine, Selective Bacillus strains (Minimum 3 Billion CFU/ml). Primary Indications: Live food deficiency in nursery ponds and hatcheries; Zooplankton starvation in newly stocked post-larvae; Stressed post-larvae during stocking and weather shifts; Black bottom soil and organic odor in nursery ponds; Early crop mortality and slow initial growth (DOC 1-30). CAA-Approved, ISO 9001:2015 Certified, 100% Antibiotic-Free. Manufactured by Next Farm Bio Sciences, New Autonagar, Vijayawada, India.",https://nextfarmbiosciences.app/products/next-pro-plus?size=5L,Next Farm Bio Sciences,Next Farm Bio Sciences,https://nextfarmbiosciences.app,https://nextfarmbiosciences.app/images/products/next-pro-plus/shoot.png,"https://nextfarmbiosciences.app/images/products/next-pro-plus/caa.png,https://nextfarmbiosciences.app/images/products/next-pro-plus/farmer.png,https://nextfarmbiosciences.app/images/products/next-pro-plus/farm.png",5000.00 INR,in_stock,new,true,Business & Industrial > Agriculture > Aquaculture & Livestock Supplies,5.0,kg
NF-NEXT-PRO-PLUS-2L,NF-NEXT-PRO-PLUS,true,"{""size"":""2-Liter Twin Field Pack""}",2-Liter Twin Field Pack,nextfarm-next-pro-plus-2L,NF-BIO-PROD-010-2L,Next Pro Plus — 2-Liter Twin Field Pack (Herbal Water & Bottom Conditioner),"Next Pro Plus is an innovative herbal-biotech pond conditioner combining bioactive plant extracts with selective Bacillus strains and free L-amino acids. Designed to enhance the foundational ecology of the pond, it stimulates natural live food reproduction while detoxifying bottom mud. Potency: Minimum 3 Billion CFU/ml (3 x 10^9 CFU/ml). Microbial Consortium: Aqua-grade herbal botanical amino acid complex (20% active extract), Free L-Amino Acids: Glycine, Glutamic acid, Alanine, Lysine, Selective Bacillus strains (Minimum 3 Billion CFU/ml). Primary Indications: Live food deficiency in nursery ponds and hatcheries; Zooplankton starvation in newly stocked post-larvae; Stressed post-larvae during stocking and weather shifts; Black bottom soil and organic odor in nursery ponds; Early crop mortality and slow initial growth (DOC 1-30). CAA-Approved, ISO 9001:2015 Certified, 100% Antibiotic-Free. Manufactured by Next Farm Bio Sciences, New Autonagar, Vijayawada, India.",https://nextfarmbiosciences.app/products/next-pro-plus?size=2L,Next Farm Bio Sciences,Next Farm Bio Sciences,https://nextfarmbiosciences.app,https://nextfarmbiosciences.app/images/products/next-pro-plus/shoot.png,"https://nextfarmbiosciences.app/images/products/next-pro-plus/caa.png,https://nextfarmbiosciences.app/images/products/next-pro-plus/farmer.png,https://nextfarmbiosciences.app/images/products/next-pro-plus/farm.png",2299.00 INR,in_stock,new,true,Business & Industrial > Agriculture > Aquaculture & Livestock Supplies,2.0,kg
NF-NEXT-PRO-PLUS-1L,NF-NEXT-PRO-PLUS,true,"{""size"":""1-Liter Precision Bottle""}",1-Liter Precision Bottle,nextfarm-next-pro-plus-1L,NF-BIO-PROD-010-1L,Next Pro Plus — 1-Liter Precision Bottle (Herbal Water & Bottom Conditioner),"Next Pro Plus is an innovative herbal-biotech pond conditioner combining bioactive plant extracts with selective Bacillus strains and free L-amino acids. Designed to enhance the foundational ecology of the pond, it stimulates natural live food reproduction while detoxifying bottom mud. Potency: Minimum 3 Billion CFU/ml (3 x 10^9 CFU/ml). Microbial Consortium: Aqua-grade herbal botanical amino acid complex (20% active extract), Free L-Amino Acids: Glycine, Glutamic acid, Alanine, Lysine, Selective Bacillus strains (Minimum 3 Billion CFU/ml). Primary Indications: Live food deficiency in nursery ponds and hatcheries; Zooplankton starvation in newly stocked post-larvae; Stressed post-larvae during stocking and weather shifts; Black bottom soil and organic odor in nursery ponds; Early crop mortality and slow initial growth (DOC 1-30). CAA-Approved, ISO 9001:2015 Certified, 100% Antibiotic-Free. Manufactured by Next Farm Bio Sciences, New Autonagar, Vijayawada, India.",https://nextfarmbiosciences.app/products/next-pro-plus?size=1L,Next Farm Bio Sciences,Next Farm Bio Sciences,https://nextfarmbiosciences.app,https://nextfarmbiosciences.app/images/products/next-pro-plus/shoot.png,"https://nextfarmbiosciences.app/images/products/next-pro-plus/caa.png,https://nextfarmbiosciences.app/images/products/next-pro-plus/farmer.png,https://nextfarmbiosciences.app/images/products/next-pro-plus/farm.png",1199.00 INR,in_stock,new,true,Business & Industrial > Agriculture > Aquaculture & Livestock Supplies,1.0,kg
NF-NEXT-PRO-5L,NF-NEXT-PRO,true,"{""size"":""5-Liter HDPE Industrial Canister""}",5-Liter HDPE Industrial Canister,nextfarm-next-pro-5L,NF-BIO-PROD-011-5L,Next Pro — 5-Liter HDPE Industrial Canister (Dual-Action Multi-Strain Beneficial Bacteria),"Next Pro is an all-in-one multi-strain bacterial inoculant designed for comprehensive pond ecosystem management. Featuring a four-strain synergistic matrix, Next Pro operates in two coordinated phases: in the water column as a clarifier and inside the shrimp body as a digestive enhancer. Potency: Minimum 15 Billion CFU/ml (1.5 x 10^10 CFU/ml High Concentration). Microbial Consortium: Bacillus subtilis, Bacillus licheniformis, Lactobacillus sporogenes, Bacillus megaterium. Primary Indications: Complete culture cycle from preparation to pre-harvest; General water column purification and clarification; Pathogen competitive exclusion and biofilm defense; Regular growth enhancement and immune stimulation; Flexible utility: use as a pond bio-filter or feed coating. CAA-Approved, ISO 9001:2015 Certified, 100% Antibiotic-Free. Manufactured by Next Farm Bio Sciences, New Autonagar, Vijayawada, India.",https://nextfarmbiosciences.app/products/next-pro?size=5L,Next Farm Bio Sciences,Next Farm Bio Sciences,https://nextfarmbiosciences.app,https://nextfarmbiosciences.app/images/products/next-pro/shoot.png,"https://nextfarmbiosciences.app/images/products/next-pro/caa.png,https://nextfarmbiosciences.app/images/products/next-pro/farmer.png,https://nextfarmbiosciences.app/images/products/next-pro/farm.png",5000.00 INR,in_stock,new,true,Business & Industrial > Agriculture > Aquaculture & Livestock Supplies,5.0,kg
NF-NEXT-PRO-2L,NF-NEXT-PRO,true,"{""size"":""2-Liter Twin Field Pack""}",2-Liter Twin Field Pack,nextfarm-next-pro-2L,NF-BIO-PROD-011-2L,Next Pro — 2-Liter Twin Field Pack (Dual-Action Multi-Strain Beneficial Bacteria),"Next Pro is an all-in-one multi-strain bacterial inoculant designed for comprehensive pond ecosystem management. Featuring a four-strain synergistic matrix, Next Pro operates in two coordinated phases: in the water column as a clarifier and inside the shrimp body as a digestive enhancer. Potency: Minimum 15 Billion CFU/ml (1.5 x 10^10 CFU/ml High Concentration). Microbial Consortium: Bacillus subtilis, Bacillus licheniformis, Lactobacillus sporogenes, Bacillus megaterium. Primary Indications: Complete culture cycle from preparation to pre-harvest; General water column purification and clarification; Pathogen competitive exclusion and biofilm defense; Regular growth enhancement and immune stimulation; Flexible utility: use as a pond bio-filter or feed coating. CAA-Approved, ISO 9001:2015 Certified, 100% Antibiotic-Free. Manufactured by Next Farm Bio Sciences, New Autonagar, Vijayawada, India.",https://nextfarmbiosciences.app/products/next-pro?size=2L,Next Farm Bio Sciences,Next Farm Bio Sciences,https://nextfarmbiosciences.app,https://nextfarmbiosciences.app/images/products/next-pro/shoot.png,"https://nextfarmbiosciences.app/images/products/next-pro/caa.png,https://nextfarmbiosciences.app/images/products/next-pro/farmer.png,https://nextfarmbiosciences.app/images/products/next-pro/farm.png",2299.00 INR,in_stock,new,true,Business & Industrial > Agriculture > Aquaculture & Livestock Supplies,2.0,kg
NF-NEXT-PRO-1L,NF-NEXT-PRO,true,"{""size"":""1-Liter Precision Bottle""}",1-Liter Precision Bottle,nextfarm-next-pro-1L,NF-BIO-PROD-011-1L,Next Pro — 1-Liter Precision Bottle (Dual-Action Multi-Strain Beneficial Bacteria),"Next Pro is an all-in-one multi-strain bacterial inoculant designed for comprehensive pond ecosystem management. Featuring a four-strain synergistic matrix, Next Pro operates in two coordinated phases: in the water column as a clarifier and inside the shrimp body as a digestive enhancer. Potency: Minimum 15 Billion CFU/ml (1.5 x 10^10 CFU/ml High Concentration). Microbial Consortium: Bacillus subtilis, Bacillus licheniformis, Lactobacillus sporogenes, Bacillus megaterium. Primary Indications: Complete culture cycle from preparation to pre-harvest; General water column purification and clarification; Pathogen competitive exclusion and biofilm defense; Regular growth enhancement and immune stimulation; Flexible utility: use as a pond bio-filter or feed coating. CAA-Approved, ISO 9001:2015 Certified, 100% Antibiotic-Free. Manufactured by Next Farm Bio Sciences, New Autonagar, Vijayawada, India.",https://nextfarmbiosciences.app/products/next-pro?size=1L,Next Farm Bio Sciences,Next Farm Bio Sciences,https://nextfarmbiosciences.app,https://nextfarmbiosciences.app/images/products/next-pro/shoot.png,"https://nextfarmbiosciences.app/images/products/next-pro/caa.png,https://nextfarmbiosciences.app/images/products/next-pro/farmer.png,https://nextfarmbiosciences.app/images/products/next-pro/farm.png",1199.00 INR,in_stock,new,true,Business & Industrial > Agriculture > Aquaculture & Livestock Supplies,1.0,kg
